COUNTRY_CODE,num_customers,avg_acct_balance
20,182,4820.828131868132
21,199,5146.711055276382
22,185,5227.689027027027
30,162,5190.657839506172
