L_ORDERKEY,REVENUE
321505,15748.7745
466278,6730.5912
396806,19627.2565
460832,13808.323799999998
25921,1549.1568
163235,22154.608
189668,43376.3904
199174,52758.342
416737,15657.314400000001
551236,7010.606400000001
47494,28888.54
324423,10328.416000000001
498498,28772.016
520486,18343.8
465826,4385.2158
349991,10715.8872
379494,17926.4943
85094,16735.8465
493601,24603.4197
264064,22085.152
301798,29706.93
68257,30036.948
408293,10651.4
255367,15283.062
383331,1287.283
