O_YEAR,MKT_SHARE
1995,0.035051881808501
1996,0.0513951813187485
