CNTRYCODE,NUMCUST,TOTACCTBAL
20,93,676046.9400000001
21,100,755931.4099999996
22,100,729360.5299999999
30,88,651732.4099999998
