order_year,market_share
1995,1.00000000
1996,1.00000000
