CNTRYCODE,NUM_CUSTOMERS,TOTAL_BALANCE
20,292,2148310.479999999
21,271,2069045.2799999982
22,283,2124577.7899999996
30,250,1884286.1599999988
