CNTRYCODE,NUM_CUSTOMERS,TOTAL_ACCT_BALANCE
20,288,2128500.8799999994
21,273,2079060.7599999981
22,295,2185193.3699999996
30,249,1879317.9599999988
39,0,0
40,0,0
42,0,0
