O_YEAR,MKT_SHARE
1995,0.13679183861174313
1996,0.1526523089944229
