COUNTRY_CODE,CUSTOMER_COUNT,AVG_ACCTBAL
30,504,4965.010575
20,573,4919.132670
22,556,5158.277860
21,557,5043.338761
