Country_Code,Customer_Count,Total_Balance
30,162,840886.57
22,185,967122.4699999999
21,199,1024195.5000000001
20,182,877390.7200000001
