CNTRYCODE,NUMCUST,TOTACCTBAL
20,91,666158.1
21,101,760953.5499999996
22,106,759804.8099999999
30,87,646748.0199999998
