N_NAME,REVENUE
VIETNAM,2631629.883000001
JAPAN,2220752.6092999997
CHINA,2137705.6183999996
INDONESIA,1545745.665
INDIA,1447196.9711999996
