order_year,market_share
1995,0.13679184
1996,0.15265231
