CNTRYCODE,CUSTOMER_COUNT,TOTAL_BALANCE
20,288,2128500.8799999994
21,272,2074067.419999998
22,291,2165222.1999999993
30,248,1874333.569999999
